username,password
alice,alicepass123
bob,bobpass456
charlie,charliepass789
dana,danapass321
eve,evepass654
frank,frankpass987
grace,gracepass135
heidi,heidipass246
ivan,ivanpass357
judy,judypass468
karl,karlpass579
laura,laurapass680
mallory,mallorypass791
niaj,niajpass802
olivia,oliviapass913
peggy,peggypass024
quentin,quentinpass135
rupert,rupertpass246
sybil,sybilpass357
trent,trentpass468
uma,umapass579
victor,victorpass680
walter,walterpass791
xavier,xavierpass802
yolanda,yolandapass913
zach,zachpass024
bella,bellapass135
carlos,carlospass246
diana,dianapass357
ethan,ethanpass468
brianna,rodriguez
